{"cameraMode":{"drawMode":0,"name":"Shaded","section":"Shading Mode"},"sceneLighting":true,"audioPlay":false,"sceneViewState":{"showFog":true,"showMaterialUpdate":false,"showSkybox":true,"showFlares":true,"showImageEffects":true,"showParticleSystems":true},"in2DMode":false,"pivot":{"x":220.0847930908203,"y":-376.50537109375,"z":428.72247314453127},"rotation":{"x":0.44639840722084048,"y":0.02281399630010128,"z":-0.011385615915060044,"w":0.8944720029830933},"size":1850.5234375,"orthographic":false}