{"cameraMode":{"drawMode":0,"name":"Shaded","section":"Shading Mode"},"sceneLighting":true,"audioPlay":false,"sceneViewState":{"showFog":true,"showMaterialUpdate":false,"showSkybox":true,"showFlares":true,"showImageEffects":true,"showParticleSystems":true},"in2DMode":false,"pivot":{"x":495.60986328125,"y":4.512499809265137,"z":343.41796875},"rotation":{"x":0.12042257934808731,"y":0.8763741254806519,"z":-0.36732524633407595,"w":0.28730878233909609},"size":522.1018676757813,"orthographic":true}