{"cameraMode":{"drawMode":0,"name":"Shaded","section":"Shading Mode"},"sceneLighting":true,"audioPlay":false,"sceneViewState":{"showFog":true,"showMaterialUpdate":false,"showSkybox":true,"showFlares":true,"showImageEffects":true,"showParticleSystems":true},"in2DMode":false,"pivot":{"x":-19.422382354736329,"y":-33.24504089355469,"z":72.70269012451172},"rotation":{"x":-0.1507733017206192,"y":0.756984293460846,"z":-0.1879042536020279,"w":-0.6073997020721436},"size":983.4609985351563,"orthographic":false}